종목명,현재가,전일비,등락률,매수호가,매도호가,거래량,거래대금,전일거래량,종목명_전처리,종목코드,level_0,시가총액,시가총액순위,상장주식수,액면가l매매단위,외국인한도주식수(A),외국인보유주식수(B),외국인소진율(B/A),투자의견l목표주가,52주최고l최저,PERlEPS(2021.06),추정PERlEPS,PBRlBPS (2021.06),배당수익률l2020.12,동일업종 PER,동일업종 등락률,배당수익률,PERlEPS(2020.12),PBRlBPS (2020.12),PERlEPS(2021.03),PBRlBPS (2021.03),PERlEPS(2021.05),PBRlBPS (2021.05),배당수익률l2020.11,PERlEPS(2020.06),PBRlBPS (2020.06)
한국파마 *,78100.0,8600.0,+12.37%,78100.0,78200.0,3588899.0,279786.0,688406.0,한국파마,032300,0,"8,518  억원",코스닥 87위,10906701,500원  l  1주,10906701,37722,0.35%,N/A  l  N/A,"94,800  l  20,000",169.41배  l  461원,N/A  l  N/A,"17.16배  l  4,551원",0.06%,107.03배,+0.01%,,,,,,,,,,
삼아제약 *,23050.0,1550.0,+7.21%,23000.0,23050.0,226300.0,5151.0,219443.0,삼아제약,009300,1,"1,468  억원",코스닥 707위,6370000,"1,000원  l  1주",6370000,77432,1.22%,N/A  l  N/A,"23,000  l  14,300",N/A  l  -175원,N/A  l  N/A,"0.84배  l  27,352원",1.30%,107.03배,+0.01%,,,,,,,,,,
코스맥스엔비티 *,9210.0,580.0,+6.72%,9200.0,9210.0,191697.0,1733.0,127164.0,코스맥스엔비티,222040,2,"1,900  억원",코스닥 569위,20628000,500원  l  1주,20628000,300027,1.45%,"4.00매수  l  14,950","12,900  l  7,000",N/A  l  -449원,N/A  l  N/A,"3.33배  l  2,769원",,107.03배,+0.01%,,,,,,,,,,
지엘팜텍 *,1455.0,85.0,+6.20%,1450.0,1455.0,6712248.0,9666.0,12967049.0,지엘팜텍,204840,3,755  억원,코스닥 1169위,51886844,100원  l  1주,51886844,577674,1.11%,N/A  l  N/A,"2,390  l  855",N/A  l  -67원,N/A  l  N/A,5.33배  l  273원,,107.03배,+0.01%,,,,,,,,,,
이수앱지스 *,16350.0,950.0,+6.17%,16350.0,16400.0,1619361.0,25924.0,492397.0,이수앱지스,086890,4,"5,425  억원",코스닥 164위,33182668,500원  l  1주,33182668,102147,0.31%,N/A  l  N/A,"25,000  l  6,660",N/A  l  -548원,N/A  l  N/A,"8.19배  l  1,997원",,107.03배,+0.01%,,,,,,,,,,
코오롱생명과학 *,37750.0,2150.0,+6.04%,37700.0,37750.0,272702.0,10243.0,425217.0,코오롱생명과학,102940,5,"4,308  억원",코스닥 228위,11412356,500원  l  1주,11412356,267490,2.34%,N/A  l  N/A,"39,100  l  17,850","N/A  l  -2,515원",N/A  l  N/A,"6.70배  l  5,636원",,107.03배,+0.01%,,,,,,,,,,
지트리비앤티 *,10650.0,600.0,+5.97%,10600.0,10650.0,773178.0,8178.0,274290.0,지트리비앤티,115450,6,"2,885  억원",코스닥 359위,27088019,500원  l  1주,27088019,1288913,4.76%,N/A  l  N/A,"33,550  l  9,520",N/A  l  -667원,N/A  l  N/A,"3.46배  l  3,074원",,107.03배,+0.01%,,,,,,,,,,
하이텍팜 *,19000.0,900.0,+4.97%,19000.0,19050.0,78680.0,1473.0,25495.0,하이텍팜,106190,7,"1,347  억원",코스닥 773위,7088782,500원  l  1주,7088782,3142955,44.34%,N/A  l  N/A,"29,450  l  11,250",N/A  l  -52원,N/A  l  N/A,"1.42배  l  13,393원",0.26%,107.03배,+0.01%,,,,,,,,,,
한국유니온제약 *,13050.0,550.0,+4.40%,13000.0,13050.0,78448.0,1011.0,63929.0,한국유니온제약,080720,8,"1,031  억원",코스닥 965위,7903728,500원  l  1주,7903728,157300,1.99%,N/A  l  N/A,"25,500  l  11,300","N/A  l  -1,234원",N/A  l  N/A,"1.68배  l  7,754원",,107.03배,+0.01%,,,,,,,,,,
JW중외제약2우B,59800.0,2400.0,+4.18%,59000.0,59800.0,1254.0,74.0,3388.0,JW중외제약2우B,001067,9,56  억원,코스피 1584위,93028,"2,500원  l  1주",93028,494,0.53%,N/A  l  N/A,"135,110  l  50,155",N/A  l  -146원,N/A  l  N/A,"6.73배  l  8,886원",0.54%,107.03배,+0.01%,,,,,,,,,,
에이비온 *,16500.0,650.0,+4.10%,16450.0,16500.0,823140.0,13661.0,672058.0,에이비온,203400,10,"2,516  억원",코스닥 415위,15249795,500원  l  1주,15249795,78319,0.51%,N/A  l  N/A,"22,400  l  5,070",,N/A  l  N/A,,,107.03배,+0.01%,,N/A  l  -756원,"N/A  l  -4,980원",,,,,,,
팜스빌 *,17750.0,500.0,+2.90%,17700.0,17750.0,3772153.0,69235.0,6593366.0,팜스빌,318010,11,"1,407  억원",코스닥 743위,7929338,500원  l  1주,7929338,16005,0.20%,N/A  l  N/A,"17,250  l  9,500",48.90배  l  363원,N/A  l  N/A,"2.44배  l  7,262원",0.56%,107.03배,+0.01%,,,,,,,,,,
동화약품,15150.0,400.0,+2.71%,15150.0,15200.0,196509.0,2956.0,320122.0,동화약품,000020,12,"4,232  억원",코스피 406위,27931470,"1,000원  l  1주",27931470,946088,3.39%,N/A  l  N/A,"29,600  l  13,400","13.55배  l  1,118원",N/A  l  N/A,"1.23배  l  12,272원",1.19%,107.03배,+0.01%,,,,,,,,,,
신신제약 *,8420.0,220.0,+2.68%,8410.0,8420.0,350371.0,2966.0,79612.0,신신제약,002800,13,"1,277  억원",코스닥 812위,15170500,500원  l  1주,15170500,307692,2.03%,N/A  l  N/A,"13,050  l  7,090",N/A  l  -32원,N/A  l  N/A,"2.32배  l  3,629원",,107.03배,+0.01%,,,,,,,,,,
한독,26950.0,700.0,+2.67%,26900.0,26950.0,41949.0,1117.0,44509.0,한독,002390,14,"3,709  억원",코스피 444위,13763533,500원  l  1주,13763533,381932,2.77%,"4.00매수  l  45,000","39,000  l  24,100","11.79배  l  2,286원",N/A  l  N/A,"0.93배  l  29,120원",1.11%,107.03배,+0.01%,,,,,,,,,,
테라젠이텍스 *,7490.0,190.0,+2.60%,7480.0,7490.0,94010.0,695.0,123823.0,테라젠이텍스,066700,15,"2,432  억원",코스닥 438위,32474435,500원  l  1주,32474435,515944,1.59%,N/A  l  N/A,"14,550  l  7,090",N/A  l  -184원,N/A  l  N/A,"0.93배  l  8,032원",,107.03배,+0.01%,,,,,,,,,,
동아쏘시오홀딩스,120500.0,3000.0,+2.55%,120500.0,121000.0,26172.0,3130.0,11615.0,동아쏘시오홀딩스,000640,16,"7,649  억원",코스피 289위,6347506,"5,000원  l  1주",6347506,772306,12.17%,"4.00매수  l  160,000","157,500  l  99,500","4.52배  l  26,636원",N/A  l  N/A,"0.82배  l  147,443원",0.83%,107.03배,+0.01%,,,,,,,,,,
신풍제약우,94200.0,2200.0,+2.39%,94100.0,94200.0,78746.0,7585.0,38847.0,신풍제약우,019175,17,"2,072  억원",코스피 629위,2200000,500원  l  1주,2200000,9422,0.43%,N/A  l  N/A,"253,000  l  62,200","1,570.00배  l  60원",N/A  l  N/A,"13.18배  l  7,145원",0.12%,107.03배,+0.01%,,,,,,,,,,
위더스제약 *,13950.0,300.0,+2.20%,13900.0,13950.0,84930.0,1179.0,154104.0,위더스제약,330350,18,"1,840  억원",코스닥 581위,13188622,200원  l  1주,13188622,78337,0.59%,N/A  l  N/A,"18,933  l  11,433",48.78배  l  286원,N/A  l  N/A,"2.34배  l  5,954원",0.23%,107.03배,+0.01%,,,,,,,,,,
에이치엘비생명과학 *,22400.0,450.0,+2.05%,22350.0,22400.0,5249129.0,117428.0,7042982.0,에이치엘비생명과학,067630,19,"2조  1,097  억원",코스닥 19위,94180906,500원  l  1주,94180906,6398323,6.79%,N/A  l  N/A,"23,000  l  7,249",N/A  l  -680원,N/A  l  N/A,"8.27배  l  2,707원",,107.03배,+0.01%,,,,,,,,,,
대성미생물 *,18200.0,350.0,+1.96%,18050.0,18200.0,17870.0,318.0,9657.0,대성미생물,036480,20,692  억원,코스닥 1230위,3800000,500원  l  1주,3800000,66834,1.76%,N/A  l  N/A,"27,250  l  14,700",206.82배  l  88원,N/A  l  N/A,"1.90배  l  9,588원",0.47%,107.03배,+0.01%,,,,,,,,,,
녹십자웰빙 *,10500.0,200.0,+1.94%,10400.0,10500.0,25920.0,270.0,65033.0,녹십자웰빙,234690,21,"1,864  억원",코스닥 579위,17752276,500원  l  1주,17752276,231696,1.31%,N/A  l  N/A,"18,850  l  9,740",66.46배  l  158원,N/A  l  N/A,"2.18배  l  4,813원",0.48%,107.03배,+0.01%,,,,,,,,,,
제일파마홀딩스,19200.0,350.0,+1.86%,19100.0,19200.0,7674.0,144.0,25613.0,제일파마홀딩스,002620,22,"3,067  억원",코스피 494위,15973355,500원  l  1주,15973355,1527439,9.56%,N/A  l  N/A,"33,000  l  17,150",42.95배  l  447원,N/A  l  N/A,"0.72배  l  26,847원",0.37%,107.03배,+0.01%,,,,,,,,,,
신풍제약,67800.0,1200.0,+1.80%,67700.0,67800.0,1611083.0,110840.0,951661.0,신풍제약,019170,23,"3조  5,924  억원",코스피 97위,52984990,500원  l  1주,52984990,4379701,8.27%,N/A  l  N/A,"214,000  l  59,500","1,130.00배  l  60원",N/A  l  N/A,"9.49배  l  7,145원",0.15%,107.03배,+0.01%,,,,,,,,,,
씨티씨바이오 *,12600.0,200.0,+1.61%,12550.0,12600.0,205987.0,2567.0,156066.0,씨티씨바이오,060590,24,"2,857  억원",코스닥 361위,22674323,500원  l  1주,22674323,834284,3.68%,N/A  l  N/A,"14,500  l  5,680",N/A  l  -204원,N/A  l  N/A,"3.35배  l  3,761원",,107.03배,+0.01%,,,,,,,,,,
큐라클 *,39900.0,600.0,+1.53%,39900.0,40000.0,440589.0,17678.0,367287.0,큐라클,365270,25,"5,329  억원",코스닥 169위,13355968,500원  l  1주,13355968,38302,0.29%,N/A  l  N/A,"62,400  l  28,500",,N/A  l  N/A,,,107.03배,+0.01%,,"N/A  l  -2,624원",47.39배  l  842원,,,,,,,
바이온 *,1505.0,20.0,+1.35%,1505.0,1510.0,627294.0,938.0,804933.0,바이온,032980,26,"1,007  억원",코스닥 982위,66900777,500원  l  1주,66900777,2046829,3.06%,N/A  l  N/A,"2,475  l  1,100",N/A  l  -69원,N/A  l  N/A,2.33배  l  647원,,107.03배,+0.01%,,,,,,,,,,
제일바이오 *,3830.0,50.0,+1.32%,3830.0,3835.0,490977.0,1856.0,471464.0,제일바이오,052670,27,"1,116  억원",코스닥 903위,29129064,500원  l  1주,29129064,798003,2.74%,N/A  l  N/A,"4,721  l  3,062",63.83배  l  60원,N/A  l  N/A,"2.71배  l  1,414원",,107.03배,+0.01%,,,,,,,,,,
삼성바이오로직스,925000.0,12000.0,+1.31%,924000.0,925000.0,59416.0,55010.0,103517.0,삼성바이오로직스,207940,28,"61조  2,026  억원",코스피 4위,66165000,"2,500원  l  1주",66165000,6978755,10.55%,"4.00매수  l  1,060,000","1,047,000  l  624,000","182.81배  l  5,060원","155.00배  l  5,955원","12.80배  l  72,259원",,107.03배,+0.01%,,,,,,,,,,
팜젠사이언스,9520.0,120.0,+1.28%,9510.0,9520.0,102651.0,971.0,83763.0,팜젠사이언스,004720,29,"1,401  억원",코스피 747위,14712933,500원  l  1주,14712933,230208,1.56%,N/A  l  N/A,"20,200  l  8,450","5.75배  l  1,657원",N/A  l  N/A,"1.36배  l  7,008원",,107.03배,+0.01%,,,,,,,,,,
JW생명과학,17500.0,200.0,+1.16%,17450.0,17500.0,21609.0,373.0,33212.0,JW생명과학,234080,30,"2,771  억원",코스피 529위,15834554,"2,500원  l  1주",15834554,566395,3.58%,N/A  l  N/A,"24,000  l  16,300",21.34배  l  820원,N/A  l  N/A,"2.11배  l  8,291원",2.86%,107.03배,+0.01%,,,,,,,,,,
대웅,36300.0,400.0,+1.11%,36300.0,36350.0,142993.0,5209.0,177945.0,대웅,003090,31,"2조  1,106  억원",코스피 149위,58141980,500원  l  1주,58141980,2252604,3.87%,N/A  l  N/A,"86,700  l  20,700","22.45배  l  1,617원",N/A  l  N/A,"2.23배  l  16,303원",0.28%,107.03배,+0.01%,,,,,,,,,,
유한양행,64300.0,700.0,+1.10%,64200.0,64300.0,262945.0,16779.0,350580.0,유한양행,000100,32,"4조  4,993  억원",코스피 74위,69972959,"1,000원  l  1주",69972959,12545166,17.93%,"4.00매수  l  83,250","81,000  l  55,118","46.76배  l  1,375원","42.00배  l  1,524원","2.23배  l  28,781원",0.59%,107.03배,+0.01%,,,,,,,,,,
노바렉스 *,46000.0,500.0,+1.10%,46000.0,46150.0,29150.0,1338.0,23283.0,노바렉스,194700,33,"4,142  억원",코스닥 239위,9003740,500원  l  1주,9003740,94115,1.05%,"4.00매수  l  56,833","50,700  l  35,800","15.84배  l  2,904원","14.00배  l  3,354원","2.90배  l  15,874원",0.65%,107.03배,+0.01%,,,,,,,,,,
유유제약2우B,24750.0,250.0,+1.02%,24750.0,24800.0,586.0,14.0,627.0,유유제약2우B,000227,34,81  억원,코스피 1489위,325560,"1,000원  l  1주",325560,144,0.04%,N/A  l  N/A,"59,000  l  13,315","1,375.00배  l  18원",N/A  l  N/A,"3.70배  l  6,698원",0.44%,107.03배,+0.01%,,,,,,,,,,
대웅제약,158000.0,1500.0,+0.96%,157500.0,158000.0,38376.0,6085.0,66868.0,대웅제약,069620,35,"1조  8,307  억원",코스피 160위,11586575,"2,500원  l  1주",11586575,793653,6.85%,"4.00매수  l  211,667","286,500  l  88,200",617.19배  l  256원,N/A  l  N/A,"3.21배  l  49,181원",0.38%,107.03배,+0.01%,,,,,,,,,,
대한뉴팜 *,10750.0,100.0,+0.94%,10750.0,10800.0,36488.0,388.0,46757.0,대한뉴팜,054670,36,"1,543  억원",코스닥 686위,14354920,500원  l  1주,14354920,0,0.00%,N/A  l  N/A,"14,000  l  10,200",N/A  l  -592원,N/A  l  N/A,"2.27배  l  4,728원",,107.03배,+0.01%,,,,,,,,,,
대봉엘에스 *,9950.0,90.0,+0.91%,9900.0,9950.0,15510.0,153.0,20163.0,대봉엘에스,078140,37,"1,103  억원",코스닥 911위,11086579,500원  l  1주,11086579,281708,2.54%,N/A  l  N/A,"13,000  l  9,210",20.95배  l  475원,N/A  l  N/A,"1.03배  l  9,685원",0.50%,107.03배,+0.01%,,,,,,,,,,
유유제약1우,11200.0,100.0,+0.90%,11150.0,11200.0,4717.0,52.0,13913.0,유유제약1우,000225,38,254  억원,코스피 1165위,2266930,"1,000원  l  1주",2266930,44675,1.97%,N/A  l  N/A,"27,200  l  4,925",622.22배  l  18원,N/A  l  N/A,"1.67배  l  6,698원",0.98%,107.03배,+0.01%,,,,,,,,,,
일양약품,34300.0,300.0,+0.88%,33900.0,34300.0,78673.0,2679.0,131922.0,일양약품,007570,39,"6,546  억원",코스피 312위,19085664,"2,500원  l  1주",19085664,1830776,9.59%,N/A  l  N/A,"90,300  l  30,150",76.73배  l  447원,N/A  l  N/A,"3.04배  l  11,273원",0.35%,107.03배,+0.01%,,,,,,,,,,
티움바이오 *,20100.0,150.0,+0.75%,20100.0,20200.0,73512.0,1480.0,82980.0,티움바이오,321550,40,"4,788  억원",코스닥 196위,23821926,500원  l  1주,23821926,29758,0.12%,N/A  l  N/A,"29,650  l  14,250",N/A  l  -848원,N/A  l  N/A,"6.80배  l  2,956원",,107.03배,+0.01%,,,,,,,,,,
휴럼 *,2160.0,15.0,+0.70%,2160.0,2165.0,128329.0,274.0,143548.0,휴럼,353190,41,787  억원,코스닥 1150위,36440420,100원  l  1주,36440420,139795,0.38%,N/A  l  N/A,"4,135  l  1,905",,N/A  l  N/A,,,133.51배,+0.01%,,32.24배  l  67원,N/A  l  N/A,,,,,,,
디에이치피코리아 *,7310.0,50.0,+0.69%,7310.0,7320.0,38398.0,279.0,57163.0,디에이치피코리아,131030,42,"1,211  억원",코스닥 841위,16564797,500원  l  1주,16564797,844138,5.10%,N/A  l  N/A,"9,450  l  6,910",13.54배  l  540원,N/A  l  N/A,"0.97배  l  7,517원",1.37%,107.03배,+0.01%,,,,,,,,,,
일성신약,80100.0,500.0,+0.63%,79900.0,80100.0,1135.0,90.0,2851.0,일성신약,003120,43,"2,131  억원",코스피 611위,2660000,"5,000원  l  1주",2660000,64940,2.44%,N/A  l  N/A,"102,000  l  76,100","N/A  l  -1,072원",N/A  l  N/A,"0.36배  l  222,936원",0.94%,107.03배,+0.01%,,,,,,,,,,
일양약품우,33900.0,200.0,+0.59%,33800.0,33900.0,467.0,15.0,415.0,일양약품우,007575,44,151  억원,코스피 1281위,445080,"2,500원  l  1주",445080,2090,0.47%,N/A  l  N/A,"141,000  l  29,900",75.84배  l  447원,N/A  l  N/A,"3.01배  l  11,273원",0.43%,107.03배,+0.01%,,,,,,,,,,
삼진제약,26300.0,150.0,+0.57%,26250.0,26300.0,28853.0,754.0,72238.0,삼진제약,005500,45,"3,656  억원",코스피 449위,13900000,"1,000원  l  1주",13900000,1860749,13.39%,N/A  l  N/A,"31,800  l  23,300","13.86배  l  1,897원",N/A  l  N/A,"1.48배  l  17,770원",3.04%,107.03배,+0.01%,,,,,,,,,,
JW중외제약,26950.0,150.0,+0.56%,26950.0,27000.0,75846.0,2030.0,349434.0,JW중외제약,001060,46,"5,805  억원",코스피 335위,21539926,"2,500원  l  1주",21539926,1222265,5.67%,N/A  l  N/A,"42,639  l  25,850",N/A  l  -146원,N/A  l  N/A,"3.03배  l  8,886원",1.17%,107.03배,+0.01%,,,,,,,,,,
영진약품,5400.0,30.0,+0.56%,5390.0,5400.0,377560.0,2049.0,560160.0,영진약품,003520,47,"9,876  억원",코스피 243위,182892731,500원  l  1주,182892731,7886066,4.31%,N/A  l  N/A,"10,400  l  4,910",N/A  l  -48원,N/A  l  N/A,9.11배  l  593원,,107.03배,+0.01%,,,,,,,,,,
바이넥스 *,18100.0,100.0,+0.56%,18050.0,18100.0,240321.0,4319.0,382588.0,바이넥스,053030,48,"5,749  억원",코스닥 153위,31761048,500원  l  1주,31761048,1841937,5.80%,3.00중립  l  N/A,"38,800  l  13,150",61.15배  l  296원,N/A  l  N/A,"3.11배  l  5,815원",,107.03배,+0.01%,,,,,,,,,,
비씨월드제약 *,20250.0,100.0,+0.50%,20250.0,20500.0,158427.0,3271.0,69156.0,비씨월드제약,200780,49,"1,801  억원",코스닥 600위,8892384,200원  l  1주,8892384,185219,2.08%,N/A  l  N/A,"28,650  l  16,250",54.14배  l  374원,N/A  l  N/A,"1.67배  l  12,139원",0.49%,107.03배,+0.01%,,,,,,,,,,
카이노스메드 *,3035.0,15.0,+0.50%,3035.0,3040.0,125335.0,379.0,306865.0,카이노스메드,284620,50,"3,198  억원",코스닥 322위,105357734,100원  l  1주,105357734,4118920,3.91%,N/A  l  N/A,"5,300  l  2,655",N/A  l  -122원,N/A  l  N/A,57.26배  l  53원,,107.03배,+0.01%,,,,,,,,,,
SK바이오사이언스,299500.0,1500.0,+0.50%,299000.0,299500.0,489894.0,147252.0,972604.0,SK바이오사이언스,302440,51,"22조  9,118  억원",코스피 18위,76500000,500원  l  1주,76500000,3627291,4.74%,"4.00매수  l  325,000","362,000  l  111,500","145.88배  l  2,053원",N/A  l  N/A,"17.05배  l  17,564원",,107.03배,+0.01%,,,,,,,,,,
조아제약 *,4220.0,20.0,+0.48%,4215.0,4220.0,229178.0,965.0,283434.0,조아제약,034940,52,"1,307  억원",코스닥 799위,30979827,500원  l  1주,30979827,639928,2.07%,N/A  l  N/A,"5,850  l  3,855",N/A  l  -134원,N/A  l  N/A,"2.36배  l  1,791원",,107.03배,+0.01%,,,,,,,,,,
에이프로젠제약,1090.0,5.0,+0.46%,1090.0,1095.0,627638.0,685.0,1001460.0,에이프로젠제약,003060,53,"4,344  억원",코스피 399위,398575767,500원  l  1주,398575767,16548896,4.15%,N/A  l  N/A,"1,565  l  1,010",57.37배  l  19원,N/A  l  N/A,"0.86배  l  1,268원",,107.03배,+0.01%,,,,,,,,,,
대화제약 *,11200.0,50.0,+0.45%,11150.0,11200.0,95830.0,1066.0,36584.0,대화제약,067080,54,"2,085  억원",코스닥 525위,18616650,500원  l  1주,18616650,644568,3.46%,N/A  l  N/A,"20,000  l  10,100",153.42배  l  73원,N/A  l  N/A,"2.33배  l  4,817원",1.34%,107.03배,+0.01%,,,,,,,,,,
삼일제약,9230.0,40.0,+0.44%,9230.0,9240.0,136679.0,1261.0,340724.0,삼일제약,000520,55,"1,249  억원",코스피 804위,13537283,500원  l  1주,13537283,368769,2.72%,N/A  l  N/A,"12,950  l  8,790",N/A  l  -100원,N/A  l  N/A,"1.66배  l  5,559원",0.81%,107.03배,+0.01%,,,,,,,,,,
화일약품 *,3480.0,15.0,+0.43%,3480.0,3490.0,283371.0,993.0,442390.0,화일약품,061250,56,"2,284  억원",코스닥 472위,65633553,500원  l  1주,65633553,1032268,1.57%,N/A  l  N/A,"5,883  l  3,130",139.20배  l  25원,N/A  l  N/A,"1.27배  l  2,742원",,107.03배,+0.01%,,,,,,,,,,
옵티팜 *,11700.0,50.0,+0.43%,11700.0,11750.0,60603.0,715.0,89856.0,옵티팜,153710,57,"1,707  억원",코스닥 638위,14589458,500원  l  1주,14589458,42926,0.29%,N/A  l  N/A,"25,400  l  9,910",N/A  l  -243원,N/A  l  N/A,"5.33배  l  2,196원",,107.03배,+0.01%,,,,,,,,,,
종근당,126500.0,500.0,+0.40%,126000.0,126500.0,17723.0,2237.0,32074.0,종근당,185750,58,"1조  4,454  억원",코스피 191위,11426099,"2,500원  l  1주",11426099,920025,8.05%,"4.00매수  l  179,375","273,774  l  117,000","16.98배  l  7,449원",N/A  l  N/A,"2.51배  l  50,343원",0.75%,107.03배,+0.01%,,,,,,,,,,
유나이티드제약,51400.0,200.0,+0.39%,51400.0,51500.0,91723.0,4681.0,123923.0,유나이티드제약,033270,59,"8,350  억원",코스피 272위,16244822,500원  l  1주,16244822,1165408,7.17%,N/A  l  N/A,"110,500  l  41,500","31.71배  l  1,621원",N/A  l  N/A,"2.65배  l  19,377원",0.68%,107.03배,+0.01%,,,,,,,,,,
브릿지바이오테라퓨틱스 *,12800.0,50.0,+0.39%,12750.0,12800.0,61529.0,782.0,83868.0,브릿지바이오테라퓨틱스,288330,60,"2,508  억원",코스닥 416위,19593634,500원  l  1주,19593634,205417,1.05%,N/A  l  N/A,"19,300  l  10,500","N/A  l  -1,108원",N/A  l  N/A,"4.61배  l  2,774원",,107.03배,+0.01%,,,,,,,,,,
넥스트BT *,1440.0,5.0,+0.35%,1440.0,1455.0,316335.0,458.0,214764.0,넥스트BT,065170,61,"1,271  억원",코스닥 817위,88239565,500원  l  1주,88239565,4437908,5.03%,N/A  l  N/A,"2,945  l  1,310",N/A  l  -386원,N/A  l  N/A,2.10배  l  687원,,107.03배,+0.01%,,,,,,,,,,
일동제약,14200.0,50.0,+0.35%,14200.0,14250.0,16211.0,230.0,61312.0,일동제약,249420,62,"3,380  억원",코스피 477위,23803285,"1,000원  l  1주",23803285,1054821,4.43%,N/A  l  N/A,"25,300  l  13,500",N/A  l  -810원,N/A  l  N/A,"1.35배  l  10,541원",,107.03배,+0.01%,,,,,,,,,,
JW신약 *,4435.0,15.0,+0.34%,4430.0,4435.0,94578.0,419.0,105611.0,JW신약,067290,63,"1,949  억원",코스닥 559위,43936858,500원  l  1주,43936858,678777,1.54%,N/A  l  N/A,"7,200  l  4,290",N/A  l  -76원,N/A  l  N/A,"3.53배  l  1,258원",,107.03배,+0.01%,,,,,,,,,,
종근당홀딩스,90800.0,300.0,+0.33%,90700.0,90800.0,12241.0,1104.0,15274.0,종근당홀딩스,001630,64,"4,549  억원",코스피 389위,5009861,"2,500원  l  1주",5009861,461103,9.20%,N/A  l  N/A,"156,000  l  89,200","7.44배  l  12,203원",N/A  l  N/A,"0.83배  l  109,007원",1.54%,107.03배,+0.01%,,,,,,,,,,
대한약품 *,30400.0,100.0,+0.33%,30350.0,30500.0,10589.0,321.0,15801.0,대한약품,023910,65,"1,824  억원",코스닥 590위,6000000,500원  l  1주,6000000,1016942,16.95%,"4.00매수  l  40,000","45,850  l  29,000","11.28배  l  2,694원",N/A  l  N/A,"0.96배  l  31,755원",1.32%,107.03배,+0.01%,,,,,,,,,,
아미노로직스 *,3065.0,10.0,+0.33%,3065.0,3070.0,549756.0,1683.0,619169.0,아미노로직스,074430,66,"2,692  억원",코스닥 379위,87826844,100원  l  1주,87826844,942861,1.07%,N/A  l  N/A,"4,355  l  1,825",37.84배  l  81원,N/A  l  N/A,4.57배  l  671원,,107.03배,+0.01%,,,,,,,,,,
보령제약,16350.0,50.0,+0.31%,16300.0,16350.0,282165.0,4590.0,241018.0,보령제약,003850,67,"1조  1,231  억원",코스피 224위,68690000,500원  l  1주,68690000,4397107,6.40%,"4.00매수  l  24,000","24,734  l  10,450",35.93배  l  455원,N/A  l  N/A,"2.82배  l  5,792원",0.46%,107.03배,+0.01%,,,,,,,,,,
경남제약 *,6710.0,20.0,+0.30%,6710.0,6720.0,95643.0,640.0,189616.0,경남제약,053950,68,"1,345  억원",코스닥 774위,20049565,500원  l  1주,20049565,353966,1.77%,N/A  l  N/A,"10,750  l  6,210",N/A  l  -68원,N/A  l  N/A,"1.66배  l  4,052원",,107.03배,+0.01%,,,,,,,,,,
대원제약,18350.0,50.0,+0.27%,18350.0,18400.0,399033.0,7289.0,446715.0,대원제약,003220,69,"3,895  억원",코스피 430위,21224823,500원  l  1주,21224823,3719138,17.52%,"4.00매수  l  21,500","24,350  l  15,150",591.94배  l  31원,N/A  l  N/A,"1.81배  l  10,132원",0.83%,107.03배,+0.01%,,,,,,,,,,
이글벳 *,8560.0,20.0,+0.23%,8540.0,8560.0,131338.0,1118.0,110844.0,이글벳,044960,70,"1,082  억원",코스닥 933위,12641883,500원  l  1주,12641883,297607,2.35%,N/A  l  N/A,"13,200  l  6,900",24.67배  l  347원,N/A  l  N/A,"2.60배  l  3,289원",0.47%,107.03배,+0.01%,,,,,,,,,,
한올바이오파마,23500.0,50.0,+0.21%,23500.0,23550.0,355345.0,8318.0,419352.0,한올바이오파마,009420,71,"1조  2,277  억원",코스피 210위,52240638,500원  l  1주,52240638,2535005,4.85%,"5.00매수  l  46,000","40,600  l  19,350",69.12배  l  340원,N/A  l  N/A,"7.40배  l  3,175원",,107.03배,+0.01%,,,,,,,,,,
진양제약 *,7380.0,10.0,+0.14%,7380.0,7390.0,356168.0,2654.0,526219.0,진양제약,007370,72,886  억원,코스닥 1073위,12000000,500원  l  1주,12000000,343857,2.87%,N/A  l  N/A,"9,230  l  5,360",12.32배  l  599원,N/A  l  N/A,"1.65배  l  4,461원",1.36%,107.03배,+0.01%,,,,,,,,,,
JW중외제약우,37300.0,50.0,+0.13%,37300.0,37350.0,1024.0,38.0,3046.0,JW중외제약우,001065,73,66  억원,코스피 1546위,177486,"2,500원  l  1주",177486,508,0.29%,N/A  l  N/A,"91,241  l  28,200",N/A  l  -146원,N/A  l  N/A,"4.20배  l  8,886원",0.93%,107.03배,+0.01%,,,,,,,,,,
KPX생명과학 *,9160.0,10.0,+0.11%,9050.0,9160.0,123410.0,1113.0,91526.0,KPX생명과학,114450,74,"1,374  억원",코스닥 758위,15000000,500원  l  1주,15000000,34301,0.23%,N/A  l  N/A,"34,000  l  6,350",N/A  l  -129원,N/A  l  N/A,"2.34배  l  3,909원",,107.03배,+0.01%,,,,,,,,,,
파마리서치 *,92900.0,100.0,+0.11%,92600.0,92900.0,100081.0,9209.0,75528.0,파마리서치,214450,75,"9,394  억원",코스닥 78위,10111930,500원  l  1주,10111930,1378075,13.63%,"4.00매수  l  120,000","101,700  l  53,500","22.42배  l  4,144원","20.00배  l  4,681원","3.39배  l  27,439원",0.54%,107.03배,+0.01%,,,,,,,,,,
일동홀딩스,12450.0,0.0,0.00%,12450.0,12500.0,3568.0,44.0,6963.0,일동홀딩스,000230,76,"1,437  억원",코스피 734위,11540400,"1,000원  l  1주",11540400,241429,2.09%,N/A  l  N/A,"17,350  l  8,600","N/A  l  -2,768원",N/A  l  N/A,"1.32배  l  9,449원",0.80%,107.03배,+0.01%,,,,,,,,,,
안국약품 *,11900.0,0.0,0.00%,11850.0,11900.0,12797.0,152.0,19835.0,안국약품,001540,77,"1,552  억원",코스닥 681위,13042420,500원  l  1주,13042420,525116,4.03%,N/A  l  N/A,"19,000  l  11,200",626.32배  l  19원,N/A  l  N/A,"0.96배  l  12,357원",1.85%,107.03배,+0.01%,,,,,,,,,,
코스맥스비티아이,18000.0,0.0,0.00%,17950.0,18000.0,7408.0,132.0,7795.0,코스맥스비티아이,044820,78,"1,729  억원",코스피 678위,9603921,500원  l  1주,9603921,464482,4.84%,N/A  l  N/A,"21,550  l  14,900",185.57배  l  97원,N/A  l  N/A,"0.57배  l  31,704원",1.11%,107.03배,+0.01%,,,,,,,,,,
진바이오텍 *,5820.0,0.0,0.00%,5820.0,5830.0,55753.0,323.0,57429.0,진바이오텍,086060,79,501  억원,코스닥 1348위,8610587,500원  l  1주,8610587,336471,3.91%,N/A  l  N/A,"8,220  l  4,890",N/A  l  -369원,N/A  l  N/A,"1.13배  l  5,129원",0.51%,107.03배,+0.01%,,,,,,,,,,
드림씨아이에스 *,14550.0,0.0,0.00%,14550.0,14600.0,6101.0,89.0,10489.0,드림씨아이에스,223250,80,823  억원,코스닥 1114위,5659054,500원  l  1주,5659054,345148,6.10%,N/A  l  N/A,"23,400  l  13,650",23.17배  l  628원,N/A  l  N/A,"2.19배  l  6,644원",,107.03배,+0.01%,,,,,,,,,,
알리코제약 *,8730.0,0.0,0.00%,8720.0,8730.0,70825.0,616.0,58509.0,알리코제약,260660,81,"1,338  억원",코스닥 783위,15327021,500원  l  1주,15327021,291896,1.90%,N/A  l  N/A,"11,750  l  7,188",20.35배  l  429원,N/A  l  N/A,"1.62배  l  5,376원",0.73%,107.03배,+0.01%,,,,,,,,,,
제일약품,38700.0,0.0,0.00%,38700.0,38850.0,22702.0,879.0,28981.0,제일약품,271980,82,"5,691  억원",코스피 341위,14704872,500원  l  1주,14704872,410187,2.79%,N/A  l  N/A,"119,000  l  36,000",N/A  l  -23원,N/A  l  N/A,"3.20배  l  12,083원",0.18%,107.03배,+0.01%,,,,,,,,,,
더블유에스아이 *,2765.0,0.0,0.00%,2760.0,2765.0,24196.0,66.0,25354.0,더블유에스아이,299170,83,808  억원,코스닥 1130위,29237963,100원  l  1주,29237963,15785,0.05%,N/A  l  N/A,"5,800  l  1,975",,N/A  l  N/A,,,107.03배,+0.01%,,N/A  l  -58원,2.98배  l  927원,,,,,,,
박셀바이오 *,78700.0,0.0,0.00%,78700.0,78800.0,166369.0,13197.0,160226.0,박셀바이오,323990,84,"1조  1,980  억원",코스닥 52위,15223000,500원  l  1주,15223000,617817,4.06%,N/A  l  N/A,"299,700  l  10,225",N/A  l  -277원,N/A  l  N/A,"36.28배  l  2,169원",,107.03배,+0.01%,,,,,,,,,,
씨케이에이치 *,263.0,0.0,0.00%,262.0,263.0,417134.0,109.0,459224.0,씨케이에이치,900120,85,317  억원,코스닥 1419위,120449666,0.05 USD  l  1주,120449666,32995680,27.39%,N/A  l  N/A,579  l  207,,N/A  l  N/A,,,107.03배,+0.01%,,,,N/A  l  -506원,"0.08배  l  3,239원",,,,,
종근당바이오,49950.0,50.0,-0.10%,49950.0,50000.0,18123.0,900.0,21298.0,종근당바이오,063160,86,"2,740  억원",코스피 535위,5485962,"2,500원  l  1주",5485962,71411,1.30%,N/A  l  N/A,"119,000  l  37,500",N/A  l  -203원,N/A  l  N/A,"1.65배  l  30,282원",0.40%,107.03배,+0.01%,,,,,,,,,,
JW홀딩스,4075.0,5.0,-0.12%,4075.0,4090.0,38196.0,155.0,63276.0,JW홀딩스,096760,87,"2,789  억원",코스피 525위,68441182,500원  l  1주,68441182,1465126,2.14%,N/A  l  N/A,"7,000  l  3,800",13.72배  l  297원,N/A  l  N/A,"2.01배  l  2,031원",2.14%,107.03배,+0.01%,,,,,,,,,,
에이치엘사이언스 *,37100.0,50.0,-0.13%,37050.0,37100.0,5251.0,193.0,2695.0,에이치엘사이언스,239610,88,"2,000  억원",코스닥 541위,5392115,500원  l  1주,5392115,41694,0.77%,N/A  l  N/A,"47,312  l  34,950","11.07배  l  3,352원",N/A  l  N/A,"1.91배  l  19,375원",1.03%,107.03배,+0.01%,,,,,,,,,,
현대약품,6080.0,10.0,-0.16%,6080.0,6100.0,82953.0,502.0,84113.0,현대약품,004310,89,"1,946  억원",코스피 650위,32000000,500원  l  1주,32000000,476505,1.49%,N/A  l  N/A,"11,000  l  5,420",,N/A  l  N/A,,,107.03배,+0.01%,,,,,,N/A  l  -44원,"1.87배  l  3,254원",0.70%,,
유한양행우,59700.0,100.0,-0.17%,59700.0,59800.0,1866.0,110.0,1076.0,유한양행우,000105,90,705  억원,코스피 952위,1180940,"1,000원  l  1주",1180940,0,0.00%,"4.00매수  l  83,250","75,183  l  54,100","43.42배  l  1,375원","39.00배  l  1,524원","2.07배  l  28,781원",0.69%,107.03배,+0.01%,,,,,,,,,,
우진비앤지 *,2500.0,5.0,-0.20%,2500.0,2505.0,411120.0,1030.0,490802.0,우진비앤지,018620,91,722  억원,코스닥 1202위,28889293,500원  l  1주,28889293,627939,2.17%,N/A  l  N/A,"3,690  l  2,450",N/A  l  -48원,N/A  l  N/A,"2.21배  l  1,130원",,107.03배,+0.01%,,,,,,,,,,
하나제약,22400.0,50.0,-0.22%,22400.0,22450.0,37884.0,848.0,40665.0,하나제약,293480,92,"3,981  억원",코스피 422위,17772946,500원  l  1주,17772946,196045,1.10%,"4.00매수  l  30,500","26,084  l  20,521",23.00배  l  974원,N/A  l  N/A,"1.63배  l  13,739원",2.08%,107.03배,+0.01%,,,,,,,,,,
유유제약,8600.0,20.0,-0.23%,8600.0,8620.0,82230.0,708.0,178008.0,유유제약,000220,93,"1,482  억원",코스피 725위,17232351,"1,000원  l  1주",17232351,210214,1.22%,N/A  l  N/A,"18,950  l  5,995",477.78배  l  18원,N/A  l  N/A,"1.28배  l  6,698원",1.27%,107.03배,+0.01%,,,,,,,,,,
에이프로젠 H&G *,833.0,2.0,-0.24%,833.0,834.0,342332.0,286.0,623649.0,에이프로젠 H&G,109960,94,"1,489  억원",코스닥 699위,178695217,500원  l  1주,178695217,2443245,1.37%,N/A  l  N/A,"1,245  l  612",23.14배  l  36원,N/A  l  N/A,"0.66배  l  1,261원",,107.03배,+0.01%,,,,,,,,,,
환인제약,19700.0,50.0,-0.25%,19650.0,19700.0,33750.0,659.0,37044.0,환인제약,016580,95,"3,664  억원",코스피 447위,18600070,500원  l  1주,18600070,2700779,14.52%,"4.00매수  l  28,500","23,550  l  14,100","12.68배  l  1,554원",N/A  l  N/A,"0.98배  l  20,172원",1.52%,107.03배,+0.01%,,,,,,,,,,
한미약품,300000.0,1000.0,-0.33%,300000.0,300500.0,19111.0,5743.0,33736.0,한미약품,128940,96,"3조  6,235  억원",코스피 95위,12078282,"2,500원  l  1주",12078282,1575777,13.05%,"3.71매수  l  381,429","427,000  l  255,272","156.90배  l  1,912원","73.00배  l  4,121원","4.75배  l  63,110원",0.16%,107.03배,+0.01%,,,,,,,,,,
광동제약,8340.0,30.0,-0.36%,8340.0,8370.0,434561.0,3666.0,508117.0,광동제약,009290,97,"4,372  억원",코스피 397위,52420851,"1,000원  l  1주",52420851,11237991,21.44%,N/A  l  N/A,"13,250  l  7,690",13.56배  l  615원,N/A  l  N/A,"0.71배  l  11,764원",1.20%,107.03배,+0.01%,,,,,,,,,,
명문제약,5470.0,20.0,-0.36%,5470.0,5480.0,175689.0,956.0,198081.0,명문제약,017180,98,"1,857  억원",코스피 661위,33953454,500원  l  1주,33953454,396111,1.17%,N/A  l  N/A,"11,750  l  4,970",N/A  l  -339원,N/A  l  N/A,"2.09배  l  2,621원",,107.03배,+0.01%,,,,,,,,,,
비피도 *,13450.0,50.0,-0.37%,13400.0,13450.0,30740.0,411.0,36194.0,비피도,238200,99,"1,100  억원",코스닥 914위,8180000,500원  l  1주,8180000,220951,2.70%,N/A  l  N/A,"19,900  l  8,517",24.06배  l  559원,N/A  l  N/A,"2.13배  l  6,306원",,107.03배,+0.01%,,,,,,,,,,
압타바이오 *,53300.0,200.0,-0.37%,53300.0,53400.0,194789.0,10580.0,256368.0,압타바이오,293780,100,"5,914  억원",코스닥 148위,11095233,500원  l  1주,11095233,361123,3.25%,N/A  l  N/A,"62,100  l  13,162",N/A  l  -357원,N/A  l  N/A,"17.67배  l  3,016원",,107.03배,+0.01%,,,,,,,,,,
삼천당제약 *,52200.0,200.0,-0.38%,52200.0,52300.0,178002.0,9282.0,196588.0,삼천당제약,000250,101,"1조  1,885  억원",코스닥 53위,22768041,500원  l  1주,22768041,880650,3.87%,N/A  l  N/A,"95,700  l  47,200",N/A  l  -477원,N/A  l  N/A,"6.35배  l  8,225원",,107.03배,+0.01%,,,,,,,,,,
삼성제약,7110.0,30.0,-0.42%,7110.0,7120.0,399816.0,2862.0,522409.0,삼성제약,001360,102,"4,775  억원",코스피 379위,67162079,500원  l  1주,67162079,3035369,4.52%,N/A  l  N/A,"13,450  l  3,360",N/A  l  -629원,N/A  l  N/A,"3.24배  l  2,193원",,107.03배,+0.01%,,,,,,,,,,
큐브앤컴퍼니 *,2290.0,10.0,-0.43%,2285.0,2290.0,51897.0,118.0,110952.0,큐브앤컴퍼니,043090,103,852  억원,코스닥 1092위,37225728,500원  l  1주,37225728,387673,1.04%,N/A  l  N/A,"3,400  l  1,125",N/A  l  -228원,N/A  l  N/A,3.51배  l  652원,,107.03배,+0.01%,,,,,,,,,,
동구바이오제약 *,9000.0,40.0,-0.44%,8990.0,9000.0,153689.0,1378.0,117925.0,동구바이오제약,006620,104,"2,562  억원",코스닥 404위,28464992,500원  l  1주,28464992,165634,0.58%,N/A  l  N/A,"16,074  l  7,106",34.88배  l  258원,N/A  l  N/A,"2.58배  l  3,493원",0.38%,107.03배,+0.01%,,,,,,,,,,
경동제약 *,10550.0,50.0,-0.47%,10550.0,10600.0,79171.0,835.0,126775.0,경동제약,011040,105,"3,246  억원",코스닥 313위,30768766,500원  l  1주,30768766,2034031,6.61%,N/A  l  N/A,"14,700  l  9,120",31.97배  l  330원,N/A  l  N/A,"1.11배  l  9,538원",4.74%,107.03배,+0.01%,,,,,,,,,,
이연제약,55900.0,300.0,-0.53%,55900.0,56100.0,235605.0,13190.0,308506.0,이연제약,102460,106,1조  61  억원,코스피 240위,17998577,500원  l  1주,17998577,111691,0.62%,N/A  l  N/A,"77,700  l  15,950",151.49배  l  369원,N/A  l  N/A,"4.28배  l  13,075원",0.35%,107.03배,+0.01%,,,,,,,,,,
에스씨엠생명과학 *,27150.0,150.0,-0.55%,27150.0,27200.0,23038.0,626.0,30455.0,에스씨엠생명과학,298060,107,"3,264  억원",코스닥 309위,12021854,500원  l  1주,12021854,836308,6.96%,N/A  l  N/A,"60,300  l  24,100",N/A  l  -557원,N/A  l  N/A,"5.88배  l  4,619원",,107.03배,+0.01%,,,,,,,,,,
셀트리온,267500.0,1500.0,-0.56%,267500.0,268000.0,387019.0,103855.0,595228.0,셀트리온,068270,108,"36조  8,975  억원",코스피 10위,137934716,"1,000원  l  1주",137934716,28633501,20.76%,"4.00매수  l  363,333","396,239  l  229,299","62.72배  l  4,265원","53.00배  l  5,069원","9.99배  l  26,773원",,107.03배,+0.01%,,,,,,,,,,
국제약품,8170.0,50.0,-0.61%,8160.0,8170.0,830878.0,6850.0,2666244.0,국제약품,002720,109,"1,575  억원",코스피 709위,19276090,"1,000원  l  1주",19276090,118527,0.61%,N/A  l  N/A,"13,567  l  6,000",N/A  l  -105원,N/A  l  N/A,"2.11배  l  3,879원",,107.03배,+0.01%,,,,,,,,,,
중앙백신 *,16050.0,100.0,-0.62%,16050.0,16100.0,23379.0,376.0,22645.0,중앙백신,072020,110,"1,599  억원",코스닥 664위,9960000,500원  l  1주,9960000,212818,2.14%,N/A  l  N/A,"22,100  l  15,450",50.63배  l  317원,N/A  l  N/A,"1.75배  l  9,193원",0.44%,107.03배,+0.01%,,,,,,,,,,
셀트리온헬스케어 *,112800.0,700.0,-0.62%,112800.0,112900.0,432938.0,49005.0,649786.0,셀트리온헬스케어,091990,111,"17조  4,862  억원",코스닥 1위,155019169,"1,000원  l  1주",155019169,26454770,17.07%,"4.00매수  l  144,286","177,100  l  79,827","81.98배  l  1,376원","61.00배  l  1,843원","8.60배  l  13,116원",,107.03배,+0.01%,,,,,,,,,,
뉴트리 *,29500.0,200.0,-0.67%,29500.0,29550.0,18441.0,544.0,23093.0,뉴트리,270870,112,"2,688  억원",코스닥 383위,9113224,500원  l  1주,9113224,285608,3.13%,"4.00매수  l  48,000","43,350  l  18,900","11.14배  l  2,649원",N/A  l  N/A,"3.01배  l  9,797원",0.85%,107.03배,+0.01%,,,,,,,,,,
셀트리온제약 *,152200.0,1300.0,-0.85%,152200.0,152300.0,153883.0,23555.0,207212.0,셀트리온제약,068760,113,"5조  5,627  억원",코스닥 4위,36548513,500원  l  1주,36548513,2719528,7.44%,N/A  l  N/A,"268,871  l  98,547",157.23배  l  968원,N/A  l  N/A,"17.51배  l  8,690원",,107.03배,+0.01%,,,,,,,,,,
휴온스 *,58200.0,500.0,-0.85%,57900.0,58200.0,23585.0,1366.0,38269.0,휴온스,243070,114,"6,320  억원",코스닥 129위,10859671,500원  l  1주,10859671,2298159,21.16%,"4.00매수  l  75,500","86,500  l  49,420","11.90배  l  4,889원",N/A  l  N/A,"2.50배  l  23,295원",0.94%,107.03배,+0.01%,,,,,,,,,,
SK바이오팜,113500.0,1000.0,-0.87%,113500.0,114000.0,237165.0,27027.0,473070.0,SK바이오팜,326030,115,"8조  8,886  억원",코스피 44위,78313250,500원  l  1주,78313250,5265241,6.72%,"4.00매수  l  148,000","192,500  l  100,000",N/A  l  -756원,-196.00배  l  -579원,"20.18배  l  5,624원",,107.03배,+0.01%,,,,,,,,,,
동아에스티,77800.0,700.0,-0.89%,77800.0,77900.0,14509.0,1129.0,31952.0,동아에스티,170900,116,"6,569  억원",코스피 310위,8443868,"5,000원  l  1주",8443868,1653137,19.58%,"4.00매수  l  106,000","101,000  l  74,600",N/A  l  -398원,"24.00배  l  3,233원","1.03배  l  75,409원",1.28%,107.03배,+0.01%,,,,,,,,,,
한미사이언스,71900.0,700.0,-0.96%,71900.0,72000.0,100114.0,7229.0,157657.0,한미사이언스,008930,117,"4조  8,392  억원",코스피 72위,67304611,500원  l  1주,67304611,969122,1.44%,N/A  l  N/A,"96,600  l  49,926",158.37배  l  454원,N/A  l  N/A,"7.04배  l  10,208원",0.27%,107.03배,+0.01%,,,,,,,,,,
고려제약 *,9900.0,100.0,-1.00%,9900.0,9940.0,37045.0,367.0,58499.0,고려제약,014570,118,"1,089  억원",코스닥 925위,11000000,500원  l  1주,11000000,382182,3.47%,N/A  l  N/A,"13,200  l  9,150",14.98배  l  661원,N/A  l  N/A,"1.47배  l  6,754원",1.51%,107.03배,+0.01%,,,,,,,,,,
부광약품,21350.0,250.0,-1.16%,21350.0,21400.0,1034283.0,22456.0,858559.0,부광약품,003000,119,"1조  5,172  억원",코스피 181위,71063049,500원  l  1주,71063049,3351277,4.72%,N/A  l  N/A,"32,713  l  17,600",N/A  l  -158원,N/A  l  N/A,"5.89배  l  3,624원",0.43%,107.03배,+0.01%,,,,,,,,,,
콜마비앤에이치 *,38600.0,550.0,-1.40%,38500.0,38600.0,98948.0,3799.0,133691.0,콜마비앤에이치,200130,120,"1조  1,404  억원",코스닥 54위,29543558,500원  l  1주,29543558,959599,3.25%,"4.00매수  l  63,500","68,200  l  37,900","15.60배  l  2,474원",N/A  l  N/A,"3.22배  l  12,001원",0.83%,107.03배,+0.01%,,,,,,,,,,
코미팜 *,10400.0,150.0,-1.42%,10350.0,10400.0,279359.0,2893.0,212572.0,코미팜,041960,121,"6,675  억원",코스닥 122위,64185876,100원  l  1주,64185876,3048637,4.75%,N/A  l  N/A,"16,600  l  9,990",N/A  l  -44원,N/A  l  N/A,"8.75배  l  1,189원",,107.03배,+0.01%,,,,,,,,,,
서울제약 *,8760.0,130.0,-1.46%,8760.0,8780.0,37538.0,331.0,45543.0,서울제약,018680,122,747  억원,코스닥 1182위,8524523,500원  l  1주,8524523,418751,4.91%,N/A  l  N/A,"13,200  l  7,780",N/A  l  -247원,N/A  l  N/A,"2.97배  l  2,947원",,107.03배,+0.01%,,,,,,,,,,
에이치엘비제약 *,26600.0,400.0,-1.48%,26600.0,26650.0,351670.0,9469.0,451540.0,에이치엘비제약,047920,123,"5,947  억원",코스닥 146위,22357821,500원  l  1주,22357821,258513,1.16%,N/A  l  N/A,"30,200  l  12,000","N/A  l  -4,212원",N/A  l  N/A,"10.19배  l  2,611원",,107.03배,+0.01%,,,,,,,,,,
HK이노엔 *,59700.0,900.0,-1.49%,59700.0,59800.0,347254.0,20816.0,428323.0,HK이노엔,195940,124,"1조  7,256  억원",코스닥 28위,28904499,500원  l  1주,28904499,463799,1.60%,N/A  l  N/A,"78,900  l  58,900","41.72배  l  1,431원",N/A  l  N/A,"1.72배  l  34,625원",,107.03배,+0.01%,,,,,,,,,,
지놈앤컴퍼니 *,49750.0,850.0,-1.68%,49700.0,49750.0,155057.0,7764.0,328790.0,지놈앤컴퍼니,314130,125,"6,690  억원",코스닥 120위,13447465,500원  l  1주,13447465,52535,0.39%,N/A  l  N/A,"95,000  l  33,900",,N/A  l  N/A,,,107.03배,+0.01%,,"N/A  l  -2,688원","6.87배  l  7,242원",,,,,,,
경보제약,11650.0,200.0,-1.69%,11650.0,11700.0,135039.0,1570.0,53227.0,경보제약,214390,126,"2,785  억원",코스피 527위,23906860,500원  l  1주,23906860,194845,0.82%,N/A  l  N/A,"22,600  l  9,080",94.72배  l  123원,N/A  l  N/A,"1.81배  l  6,442원",0.86%,107.03배,+0.01%,,,,,,,,,,
메드팩토 *,59900.0,1100.0,-1.80%,59800.0,59900.0,79111.0,4753.0,107238.0,메드팩토,235980,127,"1조  2,286  억원",코스닥 50위,20510342,500원  l  1주,20510342,1216720,5.93%,N/A  l  N/A,"126,200  l  54,200",N/A  l  -932원,N/A  l  N/A,"22.23배  l  2,694원",,107.03배,+0.01%,,,,,,,,,,
신일제약 *,16300.0,300.0,-1.81%,16300.0,16350.0,110018.0,1804.0,331481.0,신일제약,012790,128,"1,828  억원",코스닥 587위,11217186,500원  l  1주,11217186,93718,0.84%,N/A  l  N/A,"35,606  l  12,850",33.82배  l  482원,N/A  l  N/A,"1.62배  l  10,039원",0.60%,107.03배,+0.01%,,,,,,,,,,
에이디엠코리아 *,6040.0,120.0,-1.95%,6040.0,6050.0,259734.0,1581.0,391150.0,에이디엠코리아,187660,129,"1,319  억원",코스닥 794위,21836250,100원  l  1주,21836250,53352,0.24%,N/A  l  N/A,"11,000  l  5,220",,N/A  l  N/A,,,107.03배,+0.01%,,27.58배  l  219원,"4.00배  l  1,510원",,,,,,,
엔지켐생명과학 *,85000.0,1700.0,-1.96%,84900.0,85000.0,92978.0,8000.0,131631.0,엔지켐생명과학,183490,130,"7,082  억원",코스닥 106위,8331345,500원  l  1주,8331345,727521,8.73%,N/A  l  N/A,"159,000  l  77,200","N/A  l  -2,755원",N/A  l  N/A,"8.30배  l  10,240원",,107.03배,+0.01%,,,,,,,,,,
네오이뮨텍(Reg.S) *,9680.0,200.0,-2.02%,9680.0,9690.0,310263.0,3006.0,459385.0,네오이뮨텍(Reg.S),950220,131,"9,527  억원",코스닥 74위,98417010,,98417010,7873251,8.00%,N/A  l  N/A,"17,450  l  9,350",N/A  l  -488원,N/A  l  N/A,"5.40배  l  1,792원",,107.03배,+0.01%,,,,,,,,,,
CMG제약 *,4290.0,90.0,-2.05%,4290.0,4295.0,928854.0,3996.0,773758.0,CMG제약,058820,132,"5,958  억원",코스닥 143위,138892244,500원  l  1주,138892244,8165746,5.88%,N/A  l  N/A,"7,100  l  4,145",N/A  l  -5원,N/A  l  N/A,"3.26배  l  1,314원",,107.03배,+0.01%,,,,,,,,,,
동국제약 *,23800.0,500.0,-2.06%,23800.0,23850.0,147398.0,3518.0,162573.0,동국제약,086450,133,1조  581  억원,코스닥 63위,44460000,500원  l  1주,44460000,7987840,17.97%,"4.00매수  l  31,500","33,650  l  22,650","20.52배  l  1,160원",N/A  l  N/A,"2.48배  l  9,613원",0.76%,107.03배,+0.01%,,,,,,,,,,
동성제약,10750.0,250.0,-2.27%,10750.0,10800.0,188624.0,2039.0,260507.0,동성제약,002210,134,"2,806  억원",코스피 522위,26100970,"1,000원  l  1주",26100970,1267712,4.86%,N/A  l  N/A,"17,000  l  9,290",N/A  l  -378원,N/A  l  N/A,"4.73배  l  2,273원",,107.03배,+0.01%,,,,,,,,,,
휴메딕스 *,34950.0,850.0,-2.37%,34750.0,34950.0,95076.0,3321.0,87621.0,휴메딕스,200670,135,"3,485  억원",코스닥 281위,9971194,500원  l  1주,9971194,619820,6.22%,"4.00매수  l  45,333","44,600  l  20,350","21.80배  l  1,603원","19.00배  l  1,825원","2.69배  l  12,995원",1.14%,107.03배,+0.01%,,,,,,,,,,
에스텍파마 *,11850.0,300.0,-2.47%,11800.0,11850.0,120968.0,1434.0,206738.0,에스텍파마,041910,136,"1,410  억원",코스닥 741위,11898263,500원  l  1주,11898263,190089,1.60%,N/A  l  N/A,"15,400  l  10,000",15.57배  l  761원,N/A  l  N/A,"1.20배  l  9,853원",0.84%,107.03배,+0.01%,,,,,,,,,,
휴온스글로벌 *,65500.0,1700.0,-2.53%,65400.0,65500.0,138833.0,9118.0,115891.0,휴온스글로벌,084110,137,"7,880  억원",코스닥 95위,12030289,500원  l  1주,12030289,1043640,8.68%,N/A  l  N/A,"82,300  l  25,900","19.65배  l  3,333원",N/A  l  N/A,"1.84배  l  35,553원",0.58%,107.03배,+0.01%,,,,,,,,,,
에스티팜 *,109200.0,3000.0,-2.67%,109200.0,109300.0,156423.0,17227.0,153418.0,에스티팜,237690,138,2조  372  억원,코스닥 21위,18656000,500원  l  1주,18656000,31697,0.17%,"4.00매수  l  133,333","145,200  l  55,000",N/A  l  -570원,252.00배  l  434원,"6.88배  l  15,876원",,107.03배,+0.01%,,,,,,,,,,
퓨쳐켐 *,18500.0,550.0,-2.89%,18500.0,18600.0,196351.0,3645.0,174667.0,퓨쳐켐,220100,139,"2,524  억원",코스닥 413위,13645971,500원  l  1주,13645971,324420,2.38%,N/A  l  N/A,"25,900  l  10,800","N/A  l  -1,403원",N/A  l  N/A,"4.50배  l  4,114원",,107.03배,+0.01%,,,,,,,,,,
녹십자홀딩스,32150.0,1000.0,-3.02%,32150.0,32200.0,171600.0,5552.0,149376.0,녹십자홀딩스,005250,140,"1조  5,120  억원",코스피 182위,47028210,500원  l  1주,47028210,2541325,5.40%,N/A  l  N/A,"56,300  l  21,400","9.92배  l  3,242원",N/A  l  N/A,"1.58배  l  20,381원",1.55%,107.03배,+0.01%,,,,,,,,,,
바이젠셀 *,49300.0,1600.0,-3.14%,49250.0,49300.0,196767.0,9841.0,181777.0,바이젠셀,308080,141,"4,650  억원",코스닥 204위,9432400,500원  l  1주,9432400,18644,0.20%,N/A  l  N/A,"78,000  l  50,500",,N/A  l  N/A,,,107.03배,+0.01%,,"N/A  l  -1,385원","21.16배  l  2,330원",,,,,,,
내츄럴엔도텍 *,9970.0,330.0,-3.20%,9970.0,9980.0,2177247.0,22248.0,5075782.0,내츄럴엔도텍,168330,142,"2,907  억원",코스닥 354위,29157684,500원  l  1주,29157684,609995,2.09%,N/A  l  N/A,"12,000  l  5,050",N/A  l  -17원,N/A  l  N/A,"6.95배  l  1,434원",,107.03배,+0.01%,,,,,,,,,,
국전약품 *,11750.0,650.0,-5.24%,11750.0,11800.0,3538279.0,41875.0,3958428.0,국전약품,307750,143,"5,766  억원",코스닥 152위,49069269,100원  l  1주,49069269,174484,0.36%,N/A  l  N/A,"14,500  l  2,959",,N/A  l  N/A,,,107.03배,+0.01%,,N/A  l  -80원,"7.08배  l  1,660원",,,,,,,
프레스티지바이오로직스 *,15150.0,1050.0,-6.48%,15150.0,15200.0,625678.0,9678.0,501201.0,프레스티지바이오로직스,334970,144,"7,152  억원",코스닥 103위,47206389,500원  l  1주,47206389,10209006,21.63%,N/A  l  N/A,"21,550  l  11,700","N/A  l  -1,133원",N/A  l  N/A,"6.11배  l  2,480원",,107.03배,+0.01%,,,,,,,,,,
녹십자홀딩스2우,73700.0,5300.0,-6.71%,73700.0,74100.0,4719.0,356.0,2832.0,녹십자홀딩스2우,005257,145,623  억원,코스피 986위,845990,500원  l  1주,845990,591,0.07%,N/A  l  N/A,"237,000  l  61,600","22.73배  l  3,242원",N/A  l  N/A,"3.62배  l  20,381원",0.68%,107.03배,+0.01%,,,,,,,,,,
녹십자,354000.0,25500.0,-6.72%,354000.0,354500.0,339546.0,120234.0,133432.0,녹십자,006280,146,"4조  1,370  억원",코스피 82위,11686538,"5,000원  l  1주",11686538,2519699,21.56%,"4.00매수  l  457,143","538,000  l  209,000","44.26배  l  7,998원","46.00배  l  7,617원","3.61배  l  98,182원",0.42%,107.03배,+0.01%,,,,,,,,,,
프레스티지바이오파마,34450.0,2750.0,-7.39%,34400.0,34450.0,1137115.0,39909.0,669255.0,프레스티지바이오파마,950210,147,2조  703  억원,코스피 152위,60096155,,60096155,38571511,64.18%,"4.00매수  l  40,000","54,000  l  24,200",,N/A  l  N/A,,,107.03배,+0.01%,,,,,,,,,N/A  l  -336원,"3.61배  l  9,552원"
안트로젠 *,71000.0,8100.0,-10.24%,71000.0,71100.0,523206.0,37844.0,82121.0,안트로젠,065660,148,"6,690  억원",코스닥 121위,9421845,500원  l  1주,9421845,794730,8.43%,N/A  l  N/A,"101,500  l  41,800","14,200.00배  l  5원",N/A  l  N/A,"6.53배  l  10,875원",,107.03배,+0.01%,,,,,,,,,,
